data,dia_semana
2020-01-01,Quarta-Feira
2020-01-02,Quinta-Feira
2020-01-03,Sexta-Feira
2020-01-04,Sábado
2020-01-05,Domingo
2020-01-06,Segunda-Feira
2020-01-07,Terça-Feira
2020-01-08,Quarta-Feira
2020-01-09,Quinta-Feira
2020-01-10,Sexta-Feira
2020-01-11,Sábado
2020-01-12,Domingo
2020-01-13,Segunda-Feira
2020-01-14,Terça-Feira
2020-01-15,Quarta-Feira
2020-01-16,Quinta-Feira
2020-01-17,Sexta-Feira
2020-01-18,Sábado
2020-01-19,Domingo
2020-01-20,Segunda-Feira
2020-01-21,Terça-Feira
2020-01-22,Quarta-Feira
2020-01-23,Quinta-Feira
2020-01-24,Sexta-Feira
2020-01-25,Sábado
2020-01-26,Domingo
2020-01-27,Segunda-Feira
2020-01-28,Terça-Feira
2020-01-29,Quarta-Feira
2020-01-30,Quinta-Feira
2020-01-31,Sexta-Feira
2020-02-01,Sábado
2020-02-02,Domingo
2020-02-03,Segunda-Feira
2020-02-04,Terça-Feira
2020-02-05,Quarta-Feira
2020-02-06,Quinta-Feira
2020-02-07,Sexta-Feira
2020-02-08,Sábado
2020-02-09,Domingo
2020-02-10,Segunda-Feira
2020-02-11,Terça-Feira
2020-02-12,Quarta-Feira
2020-02-13,Quinta-Feira
2020-02-14,Sexta-Feira
2020-02-15,Sábado
2020-02-16,Domingo
2020-02-17,Segunda-Feira
2020-02-18,Terça-Feira
2020-02-19,Quarta-Feira
2020-02-20,Quinta-Feira
2020-02-21,Sexta-Feira
2020-02-22,Sábado
2020-02-23,Domingo
2020-02-24,Segunda-Feira
2020-02-25,Terça-Feira
2020-02-26,Quarta-Feira
2020-02-27,Quinta-Feira
2020-02-28,Sexta-Feira
2020-02-29,Sábado
2020-03-01,Domingo
2020-03-02,Segunda-Feira
2020-03-03,Terça-Feira
2020-03-04,Quarta-Feira
2020-03-05,Quinta-Feira
2020-03-06,Sexta-Feira
2020-03-07,Sábado
2020-03-08,Domingo
2020-03-09,Segunda-Feira
2020-03-10,Terça-Feira
2020-03-11,Quarta-Feira
2020-03-12,Quinta-Feira
2020-03-13,Sexta-Feira
2020-03-14,Sábado
2020-03-15,Domingo
2020-03-16,Segunda-Feira
2020-03-17,Terça-Feira
2020-03-18,Quarta-Feira
2020-03-19,Quinta-Feira
2020-03-20,Sexta-Feira
2020-03-21,Sábado
2020-03-22,Domingo
2020-03-23,Segunda-Feira
2020-03-24,Terça-Feira
2020-03-25,Quarta-Feira
2020-03-26,Quinta-Feira
2020-03-27,Sexta-Feira
2020-03-28,Sábado
2020-03-29,Domingo
2020-03-30,Segunda-Feira
2020-03-31,Terça-Feira
2020-04-01,Quarta-Feira
2020-04-02,Quinta-Feira
2020-04-03,Sexta-Feira
2020-04-04,Sábado
2020-04-05,Domingo
2020-04-06,Segunda-Feira
2020-04-07,Terça-Feira
2020-04-08,Quarta-Feira
2020-04-09,Quinta-Feira
2020-04-10,Sexta-Feira
2020-04-11,Sábado
2020-04-12,Domingo
2020-04-13,Segunda-Feira
2020-04-14,Terça-Feira
2020-04-15,Quarta-Feira
2020-04-16,Quinta-Feira
2020-04-17,Sexta-Feira
2020-04-18,Sábado
2020-04-19,Domingo
2020-04-20,Segunda-Feira
2020-04-21,Terça-Feira
2020-04-22,Quarta-Feira
2020-04-23,Quinta-Feira
2020-04-24,Sexta-Feira
2020-04-25,Sábado
2020-04-26,Domingo
2020-04-27,Segunda-Feira
2020-04-28,Terça-Feira
2020-04-29,Quarta-Feira
2020-04-30,Quinta-Feira
2020-05-01,Sexta-Feira
2020-05-02,Sábado
2020-05-03,Domingo
2020-05-04,Segunda-Feira
2020-05-05,Terça-Feira
2020-05-06,Quarta-Feira
2020-05-07,Quinta-Feira
2020-05-08,Sexta-Feira
2020-05-09,Sábado
2020-05-10,Domingo
2020-05-11,Segunda-Feira
2020-05-12,Terça-Feira
2020-05-13,Quarta-Feira
2020-05-14,Quinta-Feira
2020-05-15,Sexta-Feira
2020-05-16,Sábado
2020-05-17,Domingo
2020-05-18,Segunda-Feira
2020-05-19,Terça-Feira
2020-05-20,Quarta-Feira
2020-05-21,Quinta-Feira
2020-05-22,Sexta-Feira
2020-05-23,Sábado
2020-05-24,Domingo
2020-05-25,Segunda-Feira
2020-05-26,Terça-Feira
2020-05-27,Quarta-Feira
2020-05-28,Quinta-Feira
2020-05-29,Sexta-Feira
2020-05-30,Sábado
2020-05-31,Domingo
2020-06-01,Segunda-Feira
2020-06-02,Terça-Feira
2020-06-03,Quarta-Feira
2020-06-04,Quinta-Feira
2020-06-05,Sexta-Feira
2020-06-06,Sábado
2020-06-07,Domingo
2020-06-08,Segunda-Feira
2020-06-09,Terça-Feira
2020-06-10,Quarta-Feira
2020-06-11,Quinta-Feira
2020-06-12,Sexta-Feira
2020-06-13,Sábado
2020-06-14,Domingo
2020-06-15,Segunda-Feira
2020-06-16,Terça-Feira
2020-06-17,Quarta-Feira
2020-06-18,Quinta-Feira
2020-06-19,Sexta-Feira
2020-06-20,Sábado
2020-06-21,Domingo
2020-06-22,Segunda-Feira
2020-06-23,Terça-Feira
2020-06-24,Quarta-Feira
2020-06-25,Quinta-Feira
2020-06-26,Sexta-Feira
2020-06-27,Sábado
2020-06-28,Domingo
2020-06-29,Segunda-Feira
2020-06-30,Terça-Feira
2020-07-01,Quarta-Feira
2020-07-02,Quinta-Feira
2020-07-03,Sexta-Feira
2020-07-04,Sábado
2020-07-05,Domingo
2020-07-06,Segunda-Feira
2020-07-07,Terça-Feira
2020-07-08,Quarta-Feira
2020-07-09,Quinta-Feira
2020-07-10,Sexta-Feira
2020-07-11,Sábado
2020-07-12,Domingo
2020-07-13,Segunda-Feira
2020-07-14,Terça-Feira
2020-07-15,Quarta-Feira
2020-07-16,Quinta-Feira
2020-07-17,Sexta-Feira
2020-07-18,Sábado
2020-07-19,Domingo
2020-07-20,Segunda-Feira
2020-07-21,Terça-Feira
2020-07-22,Quarta-Feira
2020-07-23,Quinta-Feira
2020-07-24,Sexta-Feira
2020-07-25,Sábado
2020-07-26,Domingo
2020-07-27,Segunda-Feira
2020-07-28,Terça-Feira
2020-07-29,Quarta-Feira
2020-07-30,Quinta-Feira
2020-07-31,Sexta-Feira
2020-08-01,Sábado
2020-08-02,Domingo
2020-08-03,Segunda-Feira
2020-08-04,Terça-Feira
2020-08-05,Quarta-Feira
2020-08-06,Quinta-Feira
2020-08-07,Sexta-Feira
2020-08-08,Sábado
2020-08-09,Domingo
2020-08-10,Segunda-Feira
2020-08-11,Terça-Feira
2020-08-12,Quarta-Feira
2020-08-13,Quinta-Feira
2020-08-14,Sexta-Feira
2020-08-15,Sábado
2020-08-16,Domingo
2020-08-17,Segunda-Feira
2020-08-18,Terça-Feira
2020-08-19,Quarta-Feira
2020-08-20,Quinta-Feira
2020-08-21,Sexta-Feira
2020-08-22,Sábado
2020-08-23,Domingo
2020-08-24,Segunda-Feira
2020-08-25,Terça-Feira
2020-08-26,Quarta-Feira
2020-08-27,Quinta-Feira
2020-08-28,Sexta-Feira
2020-08-29,Sábado
2020-08-30,Domingo
2020-08-31,Segunda-Feira
2020-09-01,Terça-Feira
2020-09-02,Quarta-Feira
2020-09-03,Quinta-Feira
2020-09-04,Sexta-Feira
2020-09-05,Sábado
2020-09-06,Domingo
2020-09-07,Segunda-Feira
2020-09-08,Terça-Feira
2020-09-09,Quarta-Feira
2020-09-10,Quinta-Feira
2020-09-11,Sexta-Feira
2020-09-12,Sábado
2020-09-13,Domingo
2020-09-14,Segunda-Feira
2020-09-15,Terça-Feira
2020-09-16,Quarta-Feira
2020-09-17,Quinta-Feira
2020-09-18,Sexta-Feira
2020-09-19,Sábado
2020-09-20,Domingo
2020-09-21,Segunda-Feira
2020-09-22,Terça-Feira
2020-09-23,Quarta-Feira
2020-09-24,Quinta-Feira
2020-09-25,Sexta-Feira
2020-09-26,Sábado
2020-09-27,Domingo
2020-09-28,Segunda-Feira
2020-09-29,Terça-Feira
2020-09-30,Quarta-Feira
2020-10-01,Quinta-Feira
2020-10-02,Sexta-Feira
2020-10-03,Sábado
2020-10-04,Domingo
2020-10-05,Segunda-Feira
2020-10-06,Terça-Feira
2020-10-07,Quarta-Feira
2020-10-08,Quinta-Feira
2020-10-09,Sexta-Feira
2020-10-10,Sábado
2020-10-11,Domingo
2020-10-12,Segunda-Feira
2020-10-13,Terça-Feira
2020-10-14,Quarta-Feira
2020-10-15,Quinta-Feira
2020-10-16,Sexta-Feira
2020-10-17,Sábado
2020-10-18,Domingo
2020-10-19,Segunda-Feira
2020-10-20,Terça-Feira
2020-10-21,Quarta-Feira
2020-10-22,Quinta-Feira
2020-10-23,Sexta-Feira
2020-10-24,Sábado
2020-10-25,Domingo
2020-10-26,Segunda-Feira
2020-10-27,Terça-Feira
2020-10-28,Quarta-Feira
2020-10-29,Quinta-Feira
2020-10-30,Sexta-Feira
2020-10-31,Sábado
2020-11-01,Domingo
2020-11-02,Segunda-Feira
2020-11-03,Terça-Feira
2020-11-04,Quarta-Feira
2020-11-05,Quinta-Feira
2020-11-06,Sexta-Feira
2020-11-07,Sábado
2020-11-08,Domingo
2020-11-09,Segunda-Feira
2020-11-10,Terça-Feira
2020-11-11,Quarta-Feira
2020-11-12,Quinta-Feira
2020-11-13,Sexta-Feira
2020-11-14,Sábado
2020-11-15,Domingo
2020-11-16,Segunda-Feira
2020-11-17,Terça-Feira
2020-11-18,Quarta-Feira
2020-11-19,Quinta-Feira
2020-11-20,Sexta-Feira
2020-11-21,Sábado
2020-11-22,Domingo
2020-11-23,Segunda-Feira
2020-11-24,Terça-Feira
2020-11-25,Quarta-Feira
2020-11-26,Quinta-Feira
2020-11-27,Sexta-Feira
2020-11-28,Sábado
2020-11-29,Domingo
2020-11-30,Segunda-Feira
2020-12-01,Terça-Feira
2020-12-02,Quarta-Feira
2020-12-03,Quinta-Feira
2020-12-04,Sexta-Feira
2020-12-05,Sábado
2020-12-06,Domingo
2020-12-07,Segunda-Feira
2020-12-08,Terça-Feira
2020-12-09,Quarta-Feira
2020-12-10,Quinta-Feira
2020-12-11,Sexta-Feira
2020-12-12,Sábado
2020-12-13,Domingo
2020-12-14,Segunda-Feira
2020-12-15,Terça-Feira
2020-12-16,Quarta-Feira
2020-12-17,Quinta-Feira
2020-12-18,Sexta-Feira
2020-12-19,Sábado
2020-12-20,Domingo
2020-12-21,Segunda-Feira
2020-12-22,Terça-Feira
2020-12-23,Quarta-Feira
2020-12-24,Quinta-Feira
2020-12-25,Sexta-Feira
2020-12-26,Sábado
2020-12-27,Domingo
2020-12-28,Segunda-Feira
2020-12-29,Terça-Feira
2020-12-30,Quarta-Feira
2020-12-31,Quinta-Feira
2021-01-01,Sexta-Feira
2021-01-02,Sábado
2021-01-03,Domingo
2021-01-04,Segunda-Feira
2021-01-05,Terça-Feira
2021-01-06,Quarta-Feira
2021-01-07,Quinta-Feira
2021-01-08,Sexta-Feira
2021-01-09,Sábado
2021-01-10,Domingo
2021-01-11,Segunda-Feira
2021-01-12,Terça-Feira
2021-01-13,Quarta-Feira
2021-01-14,Quinta-Feira
2021-01-15,Sexta-Feira
2021-01-16,Sábado
2021-01-17,Domingo
2021-01-18,Segunda-Feira
2021-01-19,Terça-Feira
2021-01-20,Quarta-Feira
2021-01-21,Quinta-Feira
2021-01-22,Sexta-Feira
2021-01-23,Sábado
2021-01-24,Domingo
2021-01-25,Segunda-Feira
2021-01-26,Terça-Feira
2021-01-27,Quarta-Feira
2021-01-28,Quinta-Feira
2021-01-29,Sexta-Feira
2021-01-30,Sábado
2021-01-31,Domingo
2021-02-01,Segunda-Feira
2021-02-02,Terça-Feira
2021-02-03,Quarta-Feira
2021-02-04,Quinta-Feira
2021-02-05,Sexta-Feira
2021-02-06,Sábado
2021-02-07,Domingo
2021-02-08,Segunda-Feira
2021-02-09,Terça-Feira
2021-02-10,Quarta-Feira
2021-02-11,Quinta-Feira
2021-02-12,Sexta-Feira
2021-02-13,Sábado
2021-02-14,Domingo
2021-02-15,Segunda-Feira
2021-02-16,Terça-Feira
2021-02-17,Quarta-Feira
2021-02-18,Quinta-Feira
2021-02-19,Sexta-Feira
2021-02-20,Sábado
2021-02-21,Domingo
2021-02-22,Segunda-Feira
2021-02-23,Terça-Feira
2021-02-24,Quarta-Feira
2021-02-25,Quinta-Feira
2021-02-26,Sexta-Feira
2021-02-27,Sábado
2021-02-28,Domingo
2021-03-01,Segunda-Feira
2021-03-02,Terça-Feira
2021-03-03,Quarta-Feira
2021-03-04,Quinta-Feira
2021-03-05,Sexta-Feira
2021-03-06,Sábado
2021-03-07,Domingo
2021-03-08,Segunda-Feira
2021-03-09,Terça-Feira
2021-03-10,Quarta-Feira
2021-03-11,Quinta-Feira
2021-03-12,Sexta-Feira
2021-03-13,Sábado
2021-03-14,Domingo
2021-03-15,Segunda-Feira
2021-03-16,Terça-Feira
2021-03-17,Quarta-Feira
2021-03-18,Quinta-Feira
2021-03-19,Sexta-Feira
2021-03-20,Sábado
2021-03-21,Domingo
2021-03-22,Segunda-Feira
2021-03-23,Terça-Feira
2021-03-24,Quarta-Feira
2021-03-25,Quinta-Feira
2021-03-26,Sexta-Feira
2021-03-27,Sábado
2021-03-28,Domingo
2021-03-29,Segunda-Feira
2021-03-30,Terça-Feira
2021-03-31,Quarta-Feira
2021-04-01,Quinta-Feira
2021-04-02,Sexta-Feira
2021-04-03,Sábado
2021-04-04,Domingo
2021-04-05,Segunda-Feira
2021-04-06,Terça-Feira
2021-04-07,Quarta-Feira
2021-04-08,Quinta-Feira
2021-04-09,Sexta-Feira
2021-04-10,Sábado
2021-04-11,Domingo
2021-04-12,Segunda-Feira
2021-04-13,Terça-Feira
2021-04-14,Quarta-Feira
2021-04-15,Quinta-Feira
2021-04-16,Sexta-Feira
2021-04-17,Sábado
2021-04-18,Domingo
2021-04-19,Segunda-Feira
2021-04-20,Terça-Feira
2021-04-21,Quarta-Feira
2021-04-22,Quinta-Feira
2021-04-23,Sexta-Feira
2021-04-24,Sábado
2021-04-25,Domingo
2021-04-26,Segunda-Feira
2021-04-27,Terça-Feira
2021-04-28,Quarta-Feira
2021-04-29,Quinta-Feira
2021-04-30,Sexta-Feira
2021-05-01,Sábado
2021-05-02,Domingo
2021-05-03,Segunda-Feira
2021-05-04,Terça-Feira
2021-05-05,Quarta-Feira
2021-05-06,Quinta-Feira
2021-05-07,Sexta-Feira
2021-05-08,Sábado
2021-05-09,Domingo
2021-05-10,Segunda-Feira
2021-05-11,Terça-Feira
2021-05-12,Quarta-Feira
2021-05-13,Quinta-Feira
2021-05-14,Sexta-Feira
2021-05-15,Sábado
2021-05-16,Domingo
2021-05-17,Segunda-Feira
2021-05-18,Terça-Feira
2021-05-19,Quarta-Feira
2021-05-20,Quinta-Feira
2021-05-21,Sexta-Feira
2021-05-22,Sábado
2021-05-23,Domingo
2021-05-24,Segunda-Feira
2021-05-25,Terça-Feira
2021-05-26,Quarta-Feira
2021-05-27,Quinta-Feira
2021-05-28,Sexta-Feira
2021-05-29,Sábado
2021-05-30,Domingo
2021-05-31,Segunda-Feira
2021-06-01,Terça-Feira
2021-06-02,Quarta-Feira
2021-06-03,Quinta-Feira
2021-06-04,Sexta-Feira
2021-06-05,Sábado
2021-06-06,Domingo
2021-06-07,Segunda-Feira
2021-06-08,Terça-Feira
2021-06-09,Quarta-Feira
2021-06-10,Quinta-Feira
2021-06-11,Sexta-Feira
2021-06-12,Sábado
2021-06-13,Domingo
2021-06-14,Segunda-Feira
2021-06-15,Terça-Feira
2021-06-16,Quarta-Feira
2021-06-17,Quinta-Feira
2021-06-18,Sexta-Feira
2021-06-19,Sábado
2021-06-20,Domingo
2021-06-21,Segunda-Feira
2021-06-22,Terça-Feira
2021-06-23,Quarta-Feira
2021-06-24,Quinta-Feira
2021-06-25,Sexta-Feira
2021-06-26,Sábado
2021-06-27,Domingo
2021-06-28,Segunda-Feira
2021-06-29,Terça-Feira
2021-06-30,Quarta-Feira
2021-07-01,Quinta-Feira
2021-07-02,Sexta-Feira
2021-07-03,Sábado
2021-07-04,Domingo
2021-07-05,Segunda-Feira
2021-07-06,Terça-Feira
2021-07-07,Quarta-Feira
2021-07-08,Quinta-Feira
2021-07-09,Sexta-Feira
2021-07-10,Sábado
2021-07-11,Domingo
2021-07-12,Segunda-Feira
2021-07-13,Terça-Feira
2021-07-14,Quarta-Feira
2021-07-15,Quinta-Feira
2021-07-16,Sexta-Feira
2021-07-17,Sábado
2021-07-18,Domingo
2021-07-19,Segunda-Feira
2021-07-20,Terça-Feira
2021-07-21,Quarta-Feira
2021-07-22,Quinta-Feira
2021-07-23,Sexta-Feira
2021-07-24,Sábado
2021-07-25,Domingo
2021-07-26,Segunda-Feira
2021-07-27,Terça-Feira
2021-07-28,Quarta-Feira
2021-07-29,Quinta-Feira
2021-07-30,Sexta-Feira
2021-07-31,Sábado
2021-08-01,Domingo
2021-08-02,Segunda-Feira
2021-08-03,Terça-Feira
2021-08-04,Quarta-Feira
2021-08-05,Quinta-Feira
2021-08-06,Sexta-Feira
2021-08-07,Sábado
2021-08-08,Domingo
2021-08-09,Segunda-Feira
2021-08-10,Terça-Feira
2021-08-11,Quarta-Feira
2021-08-12,Quinta-Feira
2021-08-13,Sexta-Feira
2021-08-14,Sábado
2021-08-15,Domingo
2021-08-16,Segunda-Feira
2021-08-17,Terça-Feira
2021-08-18,Quarta-Feira
2021-08-19,Quinta-Feira
2021-08-20,Sexta-Feira
2021-08-21,Sábado
2021-08-22,Domingo
2021-08-23,Segunda-Feira
2021-08-24,Terça-Feira
2021-08-25,Quarta-Feira
2021-08-26,Quinta-Feira
2021-08-27,Sexta-Feira
2021-08-28,Sábado
2021-08-29,Domingo
2021-08-30,Segunda-Feira
2021-08-31,Terça-Feira
2021-09-01,Quarta-Feira
2021-09-02,Quinta-Feira
2021-09-03,Sexta-Feira
2021-09-04,Sábado
2021-09-05,Domingo
2021-09-06,Segunda-Feira
2021-09-07,Terça-Feira
2021-09-08,Quarta-Feira
2021-09-09,Quinta-Feira
2021-09-10,Sexta-Feira
2021-09-11,Sábado
2021-09-12,Domingo
2021-09-13,Segunda-Feira
2021-09-14,Terça-Feira
2021-09-15,Quarta-Feira
2021-09-16,Quinta-Feira
2021-09-17,Sexta-Feira
2021-09-18,Sábado
2021-09-19,Domingo
2021-09-20,Segunda-Feira
2021-09-21,Terça-Feira
2021-09-22,Quarta-Feira
2021-09-23,Quinta-Feira
2021-09-24,Sexta-Feira
2021-09-25,Sábado
2021-09-26,Domingo
2021-09-27,Segunda-Feira
2021-09-28,Terça-Feira
2021-09-29,Quarta-Feira
2021-09-30,Quinta-Feira
2021-10-01,Sexta-Feira
2021-10-02,Sábado
2021-10-03,Domingo
2021-10-04,Segunda-Feira
2021-10-05,Terça-Feira
2021-10-06,Quarta-Feira
2021-10-07,Quinta-Feira
2021-10-08,Sexta-Feira
2021-10-09,Sábado
2021-10-10,Domingo
2021-10-11,Segunda-Feira
2021-10-12,Terça-Feira
2021-10-13,Quarta-Feira
2021-10-14,Quinta-Feira
2021-10-15,Sexta-Feira
2021-10-16,Sábado
2021-10-17,Domingo
2021-10-18,Segunda-Feira
2021-10-19,Terça-Feira
2021-10-20,Quarta-Feira
2021-10-21,Quinta-Feira
2021-10-22,Sexta-Feira
2021-10-23,Sábado
2021-10-24,Domingo
2021-10-25,Segunda-Feira
2021-10-26,Terça-Feira
2021-10-27,Quarta-Feira
2021-10-28,Quinta-Feira
2021-10-29,Sexta-Feira
2021-10-30,Sábado
2021-10-31,Domingo
2021-11-01,Segunda-Feira
2021-11-02,Terça-Feira
2021-11-03,Quarta-Feira
2021-11-04,Quinta-Feira
2021-11-05,Sexta-Feira
2021-11-06,Sábado
2021-11-07,Domingo
2021-11-08,Segunda-Feira
2021-11-09,Terça-Feira
2021-11-10,Quarta-Feira
2021-11-11,Quinta-Feira
2021-11-12,Sexta-Feira
2021-11-13,Sábado
2021-11-14,Domingo
2021-11-15,Segunda-Feira
2021-11-16,Terça-Feira
2021-11-17,Quarta-Feira
2021-11-18,Quinta-Feira
2021-11-19,Sexta-Feira
2021-11-20,Sábado
2021-11-21,Domingo
2021-11-22,Segunda-Feira
2021-11-23,Terça-Feira
2021-11-24,Quarta-Feira
2021-11-25,Quinta-Feira
2021-11-26,Sexta-Feira
2021-11-27,Sábado
2021-11-28,Domingo
2021-11-29,Segunda-Feira
2021-11-30,Terça-Feira
2021-12-01,Quarta-Feira
2021-12-02,Quinta-Feira
2021-12-03,Sexta-Feira
2021-12-04,Sábado
2021-12-05,Domingo
2021-12-06,Segunda-Feira
2021-12-07,Terça-Feira
2021-12-08,Quarta-Feira
2021-12-09,Quinta-Feira
2021-12-10,Sexta-Feira
2021-12-11,Sábado
2021-12-12,Domingo
2021-12-13,Segunda-Feira
2021-12-14,Terça-Feira
2021-12-15,Quarta-Feira
2021-12-16,Quinta-Feira
2021-12-17,Sexta-Feira
2021-12-18,Sábado
2021-12-19,Domingo
2021-12-20,Segunda-Feira
2021-12-21,Terça-Feira
2021-12-22,Quarta-Feira
2021-12-23,Quinta-Feira
2021-12-24,Sexta-Feira
2021-12-25,Sábado
2021-12-26,Domingo
2021-12-27,Segunda-Feira
2021-12-28,Terça-Feira
2021-12-29,Quarta-Feira
2021-12-30,Quinta-Feira
2021-12-31,Sexta-Feira
2022-01-01,Sábado
2022-01-02,Domingo
2022-01-03,Segunda-Feira
2022-01-04,Terça-Feira
2022-01-05,Quarta-Feira
2022-01-06,Quinta-Feira
2022-01-07,Sexta-Feira
2022-01-08,Sábado
2022-01-09,Domingo
2022-01-10,Segunda-Feira
2022-01-11,Terça-Feira
2022-01-12,Quarta-Feira
2022-01-13,Quinta-Feira
2022-01-14,Sexta-Feira
2022-01-15,Sábado
2022-01-16,Domingo
2022-01-17,Segunda-Feira
2022-01-18,Terça-Feira
2022-01-19,Quarta-Feira
2022-01-20,Quinta-Feira
2022-01-21,Sexta-Feira
2022-01-22,Sábado
2022-01-23,Domingo
2022-01-24,Segunda-Feira
2022-01-25,Terça-Feira
2022-01-26,Quarta-Feira
2022-01-27,Quinta-Feira
2022-01-28,Sexta-Feira
2022-01-29,Sábado
2022-01-30,Domingo
2022-01-31,Segunda-Feira
2022-02-01,Terça-Feira
2022-02-02,Quarta-Feira
2022-02-03,Quinta-Feira
2022-02-04,Sexta-Feira
2022-02-05,Sábado
2022-02-06,Domingo
2022-02-07,Segunda-Feira
2022-02-08,Terça-Feira
2022-02-09,Quarta-Feira
2022-02-10,Quinta-Feira
2022-02-11,Sexta-Feira
2022-02-12,Sábado
2022-02-13,Domingo
2022-02-14,Segunda-Feira
2022-02-15,Terça-Feira
2022-02-16,Quarta-Feira
2022-02-17,Quinta-Feira
2022-02-18,Sexta-Feira
2022-02-19,Sábado
2022-02-20,Domingo
2022-02-21,Segunda-Feira
2022-02-22,Terça-Feira
2022-02-23,Quarta-Feira
2022-02-24,Quinta-Feira
2022-02-25,Sexta-Feira
2022-02-26,Sábado
2022-02-27,Domingo
2022-02-28,Segunda-Feira
2022-03-01,Terça-Feira
2022-03-02,Quarta-Feira
2022-03-03,Quinta-Feira
2022-03-04,Sexta-Feira
2022-03-05,Sábado
2022-03-06,Domingo
2022-03-07,Segunda-Feira
2022-03-08,Terça-Feira
2022-03-09,Quarta-Feira
2022-03-10,Quinta-Feira
2022-03-11,Sexta-Feira
2022-03-12,Sábado
2022-03-13,Domingo
2022-03-14,Segunda-Feira
2022-03-15,Terça-Feira
2022-03-16,Quarta-Feira
2022-03-17,Quinta-Feira
2022-03-18,Sexta-Feira
2022-03-19,Sábado
2022-03-20,Domingo
2022-03-21,Segunda-Feira
2022-03-22,Terça-Feira
2022-03-23,Quarta-Feira
2022-03-24,Quinta-Feira
2022-03-25,Sexta-Feira
2022-03-26,Sábado
2022-03-27,Domingo
2022-03-28,Segunda-Feira
2022-03-29,Terça-Feira
2022-03-30,Quarta-Feira
2022-03-31,Quinta-Feira
2022-04-01,Sexta-Feira
2022-04-02,Sábado
2022-04-03,Domingo
2022-04-04,Segunda-Feira
2022-04-05,Terça-Feira
2022-04-06,Quarta-Feira
2022-04-07,Quinta-Feira
2022-04-08,Sexta-Feira
2022-04-09,Sábado
2022-04-10,Domingo
2022-04-11,Segunda-Feira
2022-04-12,Terça-Feira
2022-04-13,Quarta-Feira
2022-04-14,Quinta-Feira
2022-04-15,Sexta-Feira
2022-04-16,Sábado
2022-04-17,Domingo
2022-04-18,Segunda-Feira
2022-04-19,Terça-Feira
2022-04-20,Quarta-Feira
2022-04-21,Quinta-Feira
2022-04-22,Sexta-Feira
2022-04-23,Sábado
2022-04-24,Domingo
2022-04-25,Segunda-Feira
2022-04-26,Terça-Feira
2022-04-27,Quarta-Feira
2022-04-28,Quinta-Feira
2022-04-29,Sexta-Feira
2022-04-30,Sábado
2022-05-01,Domingo
2022-05-02,Segunda-Feira
2022-05-03,Terça-Feira
2022-05-04,Quarta-Feira
2022-05-05,Quinta-Feira
2022-05-06,Sexta-Feira
2022-05-07,Sábado
2022-05-08,Domingo
2022-05-09,Segunda-Feira
2022-05-10,Terça-Feira
2022-05-11,Quarta-Feira
2022-05-12,Quinta-Feira
2022-05-13,Sexta-Feira
2022-05-14,Sábado
2022-05-15,Domingo
2022-05-16,Segunda-Feira
2022-05-17,Terça-Feira
2022-05-18,Quarta-Feira
2022-05-19,Quinta-Feira
2022-05-20,Sexta-Feira
2022-05-21,Sábado
2022-05-22,Domingo
2022-05-23,Segunda-Feira
2022-05-24,Terça-Feira
2022-05-25,Quarta-Feira
2022-05-26,Quinta-Feira
2022-05-27,Sexta-Feira
2022-05-28,Sábado
2022-05-29,Domingo
2022-05-30,Segunda-Feira
2022-05-31,Terça-Feira
2022-06-01,Quarta-Feira
2022-06-02,Quinta-Feira
2022-06-03,Sexta-Feira
2022-06-04,Sábado
2022-06-05,Domingo
2022-06-06,Segunda-Feira
2022-06-07,Terça-Feira
2022-06-08,Quarta-Feira
2022-06-09,Quinta-Feira
2022-06-10,Sexta-Feira
2022-06-11,Sábado
2022-06-12,Domingo
2022-06-13,Segunda-Feira
2022-06-14,Terça-Feira
2022-06-15,Quarta-Feira
2022-06-16,Quinta-Feira
2022-06-17,Sexta-Feira
2022-06-18,Sábado
2022-06-19,Domingo
2022-06-20,Segunda-Feira
2022-06-21,Terça-Feira
2022-06-22,Quarta-Feira
2022-06-23,Quinta-Feira
2022-06-24,Sexta-Feira
2022-06-25,Sábado
2022-06-26,Domingo
2022-06-27,Segunda-Feira
2022-06-28,Terça-Feira
2022-06-29,Quarta-Feira
2022-06-30,Quinta-Feira
2022-07-01,Sexta-Feira
2022-07-02,Sábado
2022-07-03,Domingo
2022-07-04,Segunda-Feira
2022-07-05,Terça-Feira
2022-07-06,Quarta-Feira
2022-07-07,Quinta-Feira
2022-07-08,Sexta-Feira
2022-07-09,Sábado
2022-07-10,Domingo
2022-07-11,Segunda-Feira
2022-07-12,Terça-Feira
2022-07-13,Quarta-Feira
2022-07-14,Quinta-Feira
2022-07-15,Sexta-Feira
2022-07-16,Sábado
2022-07-17,Domingo
2022-07-18,Segunda-Feira
2022-07-19,Terça-Feira
2022-07-20,Quarta-Feira
2022-07-21,Quinta-Feira
2022-07-22,Sexta-Feira
2022-07-23,Sábado
2022-07-24,Domingo
2022-07-25,Segunda-Feira
2022-07-26,Terça-Feira
2022-07-27,Quarta-Feira
2022-07-28,Quinta-Feira
2022-07-29,Sexta-Feira
2022-07-30,Sábado
2022-07-31,Domingo
2022-08-01,Segunda-Feira
2022-08-02,Terça-Feira
2022-08-03,Quarta-Feira
2022-08-04,Quinta-Feira
2022-08-05,Sexta-Feira
2022-08-06,Sábado
2022-08-07,Domingo
2022-08-08,Segunda-Feira
2022-08-09,Terça-Feira
2022-08-10,Quarta-Feira
2022-08-11,Quinta-Feira
2022-08-12,Sexta-Feira
2022-08-13,Sábado
2022-08-14,Domingo
2022-08-15,Segunda-Feira
2022-08-16,Terça-Feira
2022-08-17,Quarta-Feira
2022-08-18,Quinta-Feira
2022-08-19,Sexta-Feira
2022-08-20,Sábado
2022-08-21,Domingo
2022-08-22,Segunda-Feira
2022-08-23,Terça-Feira
2022-08-24,Quarta-Feira
2022-08-25,Quinta-Feira
2022-08-26,Sexta-Feira
2022-08-27,Sábado
2022-08-28,Domingo
2022-08-29,Segunda-Feira
2022-08-30,Terça-Feira
2022-08-31,Quarta-Feira
2022-09-01,Quinta-Feira
2022-09-02,Sexta-Feira
2022-09-03,Sábado
2022-09-04,Domingo
2022-09-05,Segunda-Feira
2022-09-06,Terça-Feira
2022-09-07,Quarta-Feira
2022-09-08,Quinta-Feira
2022-09-09,Sexta-Feira
2022-09-10,Sábado
2022-09-11,Domingo
2022-09-12,Segunda-Feira
2022-09-13,Terça-Feira
2022-09-14,Quarta-Feira
2022-09-15,Quinta-Feira
2022-09-16,Sexta-Feira
2022-09-17,Sábado
2022-09-18,Domingo
2022-09-19,Segunda-Feira
2022-09-20,Terça-Feira
2022-09-21,Quarta-Feira
2022-09-22,Quinta-Feira
2022-09-23,Sexta-Feira
2022-09-24,Sábado
2022-09-25,Domingo
2022-09-26,Segunda-Feira
2022-09-27,Terça-Feira
2022-09-28,Quarta-Feira
2022-09-29,Quinta-Feira
2022-09-30,Sexta-Feira
2022-10-01,Sábado
2022-10-02,Domingo
2022-10-03,Segunda-Feira
2022-10-04,Terça-Feira
2022-10-05,Quarta-Feira
2022-10-06,Quinta-Feira
2022-10-07,Sexta-Feira
2022-10-08,Sábado
2022-10-09,Domingo
2022-10-10,Segunda-Feira
2022-10-11,Terça-Feira
2022-10-12,Quarta-Feira
2022-10-13,Quinta-Feira
2022-10-14,Sexta-Feira
2022-10-15,Sábado
2022-10-16,Domingo
2022-10-17,Segunda-Feira
2022-10-18,Terça-Feira
2022-10-19,Quarta-Feira
2022-10-20,Quinta-Feira
2022-10-21,Sexta-Feira
2022-10-22,Sábado
2022-10-23,Domingo
2022-10-24,Segunda-Feira
2022-10-25,Terça-Feira
2022-10-26,Quarta-Feira
2022-10-27,Quinta-Feira
2022-10-28,Sexta-Feira
2022-10-29,Sábado
2022-10-30,Domingo
2022-10-31,Segunda-Feira
2022-11-01,Terça-Feira
2022-11-02,Quarta-Feira
2022-11-03,Quinta-Feira
2022-11-04,Sexta-Feira
2022-11-05,Sábado
2022-11-06,Domingo
2022-11-07,Segunda-Feira
2022-11-08,Terça-Feira
2022-11-09,Quarta-Feira
2022-11-10,Quinta-Feira
2022-11-11,Sexta-Feira
2022-11-12,Sábado
2022-11-13,Domingo
2022-11-14,Segunda-Feira
2022-11-15,Terça-Feira
2022-11-16,Quarta-Feira
2022-11-17,Quinta-Feira
2022-11-18,Sexta-Feira
2022-11-19,Sábado
2022-11-20,Domingo
2022-11-21,Segunda-Feira
2022-11-22,Terça-Feira
2022-11-23,Quarta-Feira
2022-11-24,Quinta-Feira
2022-11-25,Sexta-Feira
2022-11-26,Sábado
2022-11-27,Domingo
2022-11-28,Segunda-Feira
2022-11-29,Terça-Feira
2022-11-30,Quarta-Feira
2022-12-01,Quinta-Feira
2022-12-02,Sexta-Feira
2022-12-03,Sábado
2022-12-04,Domingo
2022-12-05,Segunda-Feira
2022-12-06,Terça-Feira
2022-12-07,Quarta-Feira
2022-12-08,Quinta-Feira
2022-12-09,Sexta-Feira
2022-12-10,Sábado
2022-12-11,Domingo
2022-12-12,Segunda-Feira
2022-12-13,Terça-Feira
2022-12-14,Quarta-Feira
2022-12-15,Quinta-Feira
2022-12-16,Sexta-Feira
2022-12-17,Sábado
2022-12-18,Domingo
2022-12-19,Segunda-Feira
2022-12-20,Terça-Feira
2022-12-21,Quarta-Feira
2022-12-22,Quinta-Feira
2022-12-23,Sexta-Feira
2022-12-24,Sábado
2022-12-25,Domingo
2022-12-26,Segunda-Feira
2022-12-27,Terça-Feira
2022-12-28,Quarta-Feira
2022-12-29,Quinta-Feira
2022-12-30,Sexta-Feira
2022-12-31,Sábado
2023-01-01,Domingo
2023-01-02,Segunda-Feira
2023-01-03,Terça-Feira
2023-01-04,Quarta-Feira
2023-01-05,Quinta-Feira
2023-01-06,Sexta-Feira
2023-01-07,Sábado
2023-01-08,Domingo
2023-01-09,Segunda-Feira
2023-01-10,Terça-Feira
2023-01-11,Quarta-Feira
2023-01-12,Quinta-Feira
2023-01-13,Sexta-Feira
2023-01-14,Sábado
2023-01-15,Domingo
2023-01-16,Segunda-Feira
2023-01-17,Terça-Feira
2023-01-18,Quarta-Feira
2023-01-19,Quinta-Feira
2023-01-20,Sexta-Feira
2023-01-21,Sábado
2023-01-22,Domingo
2023-01-23,Segunda-Feira
2023-01-24,Terça-Feira
2023-01-25,Quarta-Feira
2023-01-26,Quinta-Feira
2023-01-27,Sexta-Feira
2023-01-28,Sábado
2023-01-29,Domingo
2023-01-30,Segunda-Feira
2023-01-31,Terça-Feira
2023-02-01,Quarta-Feira
2023-02-02,Quinta-Feira
2023-02-03,Sexta-Feira
2023-02-04,Sábado
2023-02-05,Domingo
2023-02-06,Segunda-Feira
2023-02-07,Terça-Feira
2023-02-08,Quarta-Feira
2023-02-09,Quinta-Feira
2023-02-10,Sexta-Feira
2023-02-11,Sábado
2023-02-12,Domingo
2023-02-13,Segunda-Feira
2023-02-14,Terça-Feira
2023-02-15,Quarta-Feira
2023-02-16,Quinta-Feira
2023-02-17,Sexta-Feira
2023-02-18,Sábado
2023-02-19,Domingo
2023-02-20,Segunda-Feira
2023-02-21,Terça-Feira
2023-02-22,Quarta-Feira
2023-02-23,Quinta-Feira
2023-02-24,Sexta-Feira
2023-02-25,Sábado
2023-02-26,Domingo
2023-02-27,Segunda-Feira
2023-02-28,Terça-Feira
2023-03-01,Quarta-Feira
2023-03-02,Quinta-Feira
2023-03-03,Sexta-Feira
2023-03-04,Sábado
2023-03-05,Domingo
2023-03-06,Segunda-Feira
2023-03-07,Terça-Feira
2023-03-08,Quarta-Feira
2023-03-09,Quinta-Feira
2023-03-10,Sexta-Feira
2023-03-11,Sábado
2023-03-12,Domingo
2023-03-13,Segunda-Feira
2023-03-14,Terça-Feira
2023-03-15,Quarta-Feira
2023-03-16,Quinta-Feira
2023-03-17,Sexta-Feira
2023-03-18,Sábado
2023-03-19,Domingo
2023-03-20,Segunda-Feira
2023-03-21,Terça-Feira
2023-03-22,Quarta-Feira
2023-03-23,Quinta-Feira
2023-03-24,Sexta-Feira
2023-03-25,Sábado
2023-03-26,Domingo
2023-03-27,Segunda-Feira
2023-03-28,Terça-Feira
2023-03-29,Quarta-Feira
2023-03-30,Quinta-Feira
2023-03-31,Sexta-Feira
2023-04-01,Sábado
2023-04-02,Domingo
2023-04-03,Segunda-Feira
2023-04-04,Terça-Feira
2023-04-05,Quarta-Feira
2023-04-06,Quinta-Feira
2023-04-07,Sexta-Feira
2023-04-08,Sábado
2023-04-09,Domingo
2023-04-10,Segunda-Feira
2023-04-11,Terça-Feira
2023-04-12,Quarta-Feira
2023-04-13,Quinta-Feira
2023-04-14,Sexta-Feira
2023-04-15,Sábado
2023-04-16,Domingo
2023-04-17,Segunda-Feira
2023-04-18,Terça-Feira
2023-04-19,Quarta-Feira
2023-04-20,Quinta-Feira
2023-04-21,Sexta-Feira
2023-04-22,Sábado
2023-04-23,Domingo
2023-04-24,Segunda-Feira
2023-04-25,Terça-Feira
2023-04-26,Quarta-Feira
2023-04-27,Quinta-Feira
2023-04-28,Sexta-Feira
2023-04-29,Sábado
2023-04-30,Domingo
2023-05-01,Segunda-Feira
2023-05-02,Terça-Feira
2023-05-03,Quarta-Feira
2023-05-04,Quinta-Feira
2023-05-05,Sexta-Feira
2023-05-06,Sábado
2023-05-07,Domingo
2023-05-08,Segunda-Feira
2023-05-09,Terça-Feira
2023-05-10,Quarta-Feira
2023-05-11,Quinta-Feira
2023-05-12,Sexta-Feira
2023-05-13,Sábado
2023-05-14,Domingo
2023-05-15,Segunda-Feira
2023-05-16,Terça-Feira
2023-05-17,Quarta-Feira
2023-05-18,Quinta-Feira
2023-05-19,Sexta-Feira
2023-05-20,Sábado
2023-05-21,Domingo
2023-05-22,Segunda-Feira
2023-05-23,Terça-Feira
2023-05-24,Quarta-Feira
2023-05-25,Quinta-Feira
2023-05-26,Sexta-Feira
2023-05-27,Sábado
2023-05-28,Domingo
2023-05-29,Segunda-Feira
2023-05-30,Terça-Feira
2023-05-31,Quarta-Feira
2023-06-01,Quinta-Feira
2023-06-02,Sexta-Feira
2023-06-03,Sábado
2023-06-04,Domingo
2023-06-05,Segunda-Feira
2023-06-06,Terça-Feira
2023-06-07,Quarta-Feira
2023-06-08,Quinta-Feira
2023-06-09,Sexta-Feira
2023-06-10,Sábado
2023-06-11,Domingo
2023-06-12,Segunda-Feira
2023-06-13,Terça-Feira
2023-06-14,Quarta-Feira
2023-06-15,Quinta-Feira
2023-06-16,Sexta-Feira
2023-06-17,Sábado
2023-06-18,Domingo
2023-06-19,Segunda-Feira
2023-06-20,Terça-Feira
2023-06-21,Quarta-Feira
2023-06-22,Quinta-Feira
2023-06-23,Sexta-Feira
2023-06-24,Sábado
2023-06-25,Domingo
2023-06-26,Segunda-Feira
2023-06-27,Terça-Feira
2023-06-28,Quarta-Feira
2023-06-29,Quinta-Feira
2023-06-30,Sexta-Feira
2023-07-01,Sábado
2023-07-02,Domingo
2023-07-03,Segunda-Feira
2023-07-04,Terça-Feira
2023-07-05,Quarta-Feira
2023-07-06,Quinta-Feira
2023-07-07,Sexta-Feira
2023-07-08,Sábado
2023-07-09,Domingo
2023-07-10,Segunda-Feira
2023-07-11,Terça-Feira
2023-07-12,Quarta-Feira
2023-07-13,Quinta-Feira
2023-07-14,Sexta-Feira
2023-07-15,Sábado
2023-07-16,Domingo
2023-07-17,Segunda-Feira
2023-07-18,Terça-Feira
2023-07-19,Quarta-Feira
2023-07-20,Quinta-Feira
2023-07-21,Sexta-Feira
2023-07-22,Sábado
2023-07-23,Domingo
2023-07-24,Segunda-Feira
2023-07-25,Terça-Feira
2023-07-26,Quarta-Feira
2023-07-27,Quinta-Feira
2023-07-28,Sexta-Feira
2023-07-29,Sábado
2023-07-30,Domingo
2023-07-31,Segunda-Feira
2023-08-01,Terça-Feira
2023-08-02,Quarta-Feira
2023-08-03,Quinta-Feira
2023-08-04,Sexta-Feira
2023-08-05,Sábado
2023-08-06,Domingo
2023-08-07,Segunda-Feira
2023-08-08,Terça-Feira
2023-08-09,Quarta-Feira
2023-08-10,Quinta-Feira
2023-08-11,Sexta-Feira
2023-08-12,Sábado
2023-08-13,Domingo
2023-08-14,Segunda-Feira
2023-08-15,Terça-Feira
2023-08-16,Quarta-Feira
2023-08-17,Quinta-Feira
2023-08-18,Sexta-Feira
2023-08-19,Sábado
2023-08-20,Domingo
2023-08-21,Segunda-Feira
2023-08-22,Terça-Feira
2023-08-23,Quarta-Feira
2023-08-24,Quinta-Feira
2023-08-25,Sexta-Feira
2023-08-26,Sábado
2023-08-27,Domingo
2023-08-28,Segunda-Feira
2023-08-29,Terça-Feira
2023-08-30,Quarta-Feira
2023-08-31,Quinta-Feira
2023-09-01,Sexta-Feira
2023-09-02,Sábado
2023-09-03,Domingo
2023-09-04,Segunda-Feira
2023-09-05,Terça-Feira
2023-09-06,Quarta-Feira
2023-09-07,Quinta-Feira
2023-09-08,Sexta-Feira
2023-09-09,Sábado
2023-09-10,Domingo
2023-09-11,Segunda-Feira
2023-09-12,Terça-Feira
2023-09-13,Quarta-Feira
2023-09-14,Quinta-Feira
2023-09-15,Sexta-Feira
2023-09-16,Sábado
2023-09-17,Domingo
2023-09-18,Segunda-Feira
2023-09-19,Terça-Feira
2023-09-20,Quarta-Feira
2023-09-21,Quinta-Feira
2023-09-22,Sexta-Feira
2023-09-23,Sábado
2023-09-24,Domingo
2023-09-25,Segunda-Feira
2023-09-26,Terça-Feira
2023-09-27,Quarta-Feira
2023-09-28,Quinta-Feira
2023-09-29,Sexta-Feira
2023-09-30,Sábado
2023-10-01,Domingo
2023-10-02,Segunda-Feira
2023-10-03,Terça-Feira
2023-10-04,Quarta-Feira
2023-10-05,Quinta-Feira
2023-10-06,Sexta-Feira
2023-10-07,Sábado
2023-10-08,Domingo
2023-10-09,Segunda-Feira
2023-10-10,Terça-Feira
2023-10-11,Quarta-Feira
2023-10-12,Quinta-Feira
2023-10-13,Sexta-Feira
2023-10-14,Sábado
2023-10-15,Domingo
2023-10-16,Segunda-Feira
2023-10-17,Terça-Feira
2023-10-18,Quarta-Feira
2023-10-19,Quinta-Feira
2023-10-20,Sexta-Feira
2023-10-21,Sábado
2023-10-22,Domingo
2023-10-23,Segunda-Feira
2023-10-24,Terça-Feira
2023-10-25,Quarta-Feira
2023-10-26,Quinta-Feira
2023-10-27,Sexta-Feira
2023-10-28,Sábado
2023-10-29,Domingo
2023-10-30,Segunda-Feira
2023-10-31,Terça-Feira
2023-11-01,Quarta-Feira
2023-11-02,Quinta-Feira
2023-11-03,Sexta-Feira
2023-11-04,Sábado
2023-11-05,Domingo
2023-11-06,Segunda-Feira
2023-11-07,Terça-Feira
2023-11-08,Quarta-Feira
2023-11-09,Quinta-Feira
2023-11-10,Sexta-Feira
2023-11-11,Sábado
2023-11-12,Domingo
2023-11-13,Segunda-Feira
2023-11-14,Terça-Feira
2023-11-15,Quarta-Feira
2023-11-16,Quinta-Feira
2023-11-17,Sexta-Feira
2023-11-18,Sábado
2023-11-19,Domingo
2023-11-20,Segunda-Feira
2023-11-21,Terça-Feira
2023-11-22,Quarta-Feira
2023-11-23,Quinta-Feira
2023-11-24,Sexta-Feira
2023-11-25,Sábado
2023-11-26,Domingo
2023-11-27,Segunda-Feira
2023-11-28,Terça-Feira
2023-11-29,Quarta-Feira
2023-11-30,Quinta-Feira
2023-12-01,Sexta-Feira
2023-12-02,Sábado
2023-12-03,Domingo
2023-12-04,Segunda-Feira
2023-12-05,Terça-Feira
2023-12-06,Quarta-Feira
2023-12-07,Quinta-Feira
2023-12-08,Sexta-Feira
2023-12-09,Sábado
2023-12-10,Domingo
2023-12-11,Segunda-Feira
2023-12-12,Terça-Feira
2023-12-13,Quarta-Feira
2023-12-14,Quinta-Feira
2023-12-15,Sexta-Feira
2023-12-16,Sábado
2023-12-17,Domingo
2023-12-18,Segunda-Feira
2023-12-19,Terça-Feira
2023-12-20,Quarta-Feira
2023-12-21,Quinta-Feira
2023-12-22,Sexta-Feira
2023-12-23,Sábado
2023-12-24,Domingo
2023-12-25,Segunda-Feira
2023-12-26,Terça-Feira
2023-12-27,Quarta-Feira
2023-12-28,Quinta-Feira
2023-12-29,Sexta-Feira
2023-12-30,Sábado
2023-12-31,Domingo
2024-01-01,Segunda-Feira
2024-01-02,Terça-Feira
2024-01-03,Quarta-Feira
2024-01-04,Quinta-Feira
2024-01-05,Sexta-Feira
2024-01-06,Sábado
2024-01-07,Domingo
2024-01-08,Segunda-Feira
2024-01-09,Terça-Feira
2024-01-10,Quarta-Feira
2024-01-11,Quinta-Feira
2024-01-12,Sexta-Feira
2024-01-13,Sábado
2024-01-14,Domingo
2024-01-15,Segunda-Feira
2024-01-16,Terça-Feira
2024-01-17,Quarta-Feira
2024-01-18,Quinta-Feira
2024-01-19,Sexta-Feira
2024-01-20,Sábado
2024-01-21,Domingo
2024-01-22,Segunda-Feira
2024-01-23,Terça-Feira
2024-01-24,Quarta-Feira
2024-01-25,Quinta-Feira
2024-01-26,Sexta-Feira
2024-01-27,Sábado
2024-01-28,Domingo
2024-01-29,Segunda-Feira
2024-01-30,Terça-Feira
2024-01-31,Quarta-Feira
2024-02-01,Quinta-Feira
2024-02-02,Sexta-Feira
2024-02-03,Sábado
2024-02-04,Domingo
2024-02-05,Segunda-Feira
2024-02-06,Terça-Feira
2024-02-07,Quarta-Feira
2024-02-08,Quinta-Feira
2024-02-09,Sexta-Feira
2024-02-10,Sábado
2024-02-11,Domingo
2024-02-12,Segunda-Feira
2024-02-13,Terça-Feira
2024-02-14,Quarta-Feira
2024-02-15,Quinta-Feira
2024-02-16,Sexta-Feira
2024-02-17,Sábado
2024-02-18,Domingo
2024-02-19,Segunda-Feira
2024-02-20,Terça-Feira
2024-02-21,Quarta-Feira
2024-02-22,Quinta-Feira
2024-02-23,Sexta-Feira
2024-02-24,Sábado
2024-02-25,Domingo
2024-02-26,Segunda-Feira
2024-02-27,Terça-Feira
2024-02-28,Quarta-Feira
2024-02-29,Quinta-Feira
2024-03-01,Sexta-Feira
2024-03-02,Sábado
2024-03-03,Domingo
2024-03-04,Segunda-Feira
2024-03-05,Terça-Feira
2024-03-06,Quarta-Feira
2024-03-07,Quinta-Feira
2024-03-08,Sexta-Feira
2024-03-09,Sábado
2024-03-10,Domingo
2024-03-11,Segunda-Feira
2024-03-12,Terça-Feira
2024-03-13,Quarta-Feira
2024-03-14,Quinta-Feira
2024-03-15,Sexta-Feira
2024-03-16,Sábado
2024-03-17,Domingo
2024-03-18,Segunda-Feira
2024-03-19,Terça-Feira
2024-03-20,Quarta-Feira
2024-03-21,Quinta-Feira
2024-03-22,Sexta-Feira
2024-03-23,Sábado
2024-03-24,Domingo
2024-03-25,Segunda-Feira
2024-03-26,Terça-Feira
2024-03-27,Quarta-Feira
2024-03-28,Quinta-Feira
2024-03-29,Sexta-Feira
2024-03-30,Sábado
2024-03-31,Domingo
2024-04-01,Segunda-Feira
2024-04-02,Terça-Feira
2024-04-03,Quarta-Feira
2024-04-04,Quinta-Feira
2024-04-05,Sexta-Feira
2024-04-06,Sábado
2024-04-07,Domingo
2024-04-08,Segunda-Feira
2024-04-09,Terça-Feira
2024-04-10,Quarta-Feira
2024-04-11,Quinta-Feira
2024-04-12,Sexta-Feira
2024-04-13,Sábado
2024-04-14,Domingo
2024-04-15,Segunda-Feira
2024-04-16,Terça-Feira
2024-04-17,Quarta-Feira
2024-04-18,Quinta-Feira
2024-04-19,Sexta-Feira
2024-04-20,Sábado
2024-04-21,Domingo
2024-04-22,Segunda-Feira
2024-04-23,Terça-Feira
2024-04-24,Quarta-Feira
2024-04-25,Quinta-Feira
2024-04-26,Sexta-Feira
2024-04-27,Sábado
2024-04-28,Domingo
2024-04-29,Segunda-Feira
2024-04-30,Terça-Feira
2024-05-01,Quarta-Feira
2024-05-02,Quinta-Feira
2024-05-03,Sexta-Feira
2024-05-04,Sábado
2024-05-05,Domingo
2024-05-06,Segunda-Feira
2024-05-07,Terça-Feira
2024-05-08,Quarta-Feira
2024-05-09,Quinta-Feira
2024-05-10,Sexta-Feira
2024-05-11,Sábado
2024-05-12,Domingo
2024-05-13,Segunda-Feira
2024-05-14,Terça-Feira
2024-05-15,Quarta-Feira
2024-05-16,Quinta-Feira
2024-05-17,Sexta-Feira
2024-05-18,Sábado
2024-05-19,Domingo
2024-05-20,Segunda-Feira
2024-05-21,Terça-Feira
2024-05-22,Quarta-Feira
2024-05-23,Quinta-Feira
2024-05-24,Sexta-Feira
2024-05-25,Sábado
2024-05-26,Domingo
2024-05-27,Segunda-Feira
2024-05-28,Terça-Feira
2024-05-29,Quarta-Feira
2024-05-30,Quinta-Feira
2024-05-31,Sexta-Feira
2024-06-01,Sábado
2024-06-02,Domingo
2024-06-03,Segunda-Feira
2024-06-04,Terça-Feira
2024-06-05,Quarta-Feira
2024-06-06,Quinta-Feira
2024-06-07,Sexta-Feira
2024-06-08,Sábado
2024-06-09,Domingo
2024-06-10,Segunda-Feira
2024-06-11,Terça-Feira
2024-06-12,Quarta-Feira
2024-06-13,Quinta-Feira
2024-06-14,Sexta-Feira
2024-06-15,Sábado
2024-06-16,Domingo
2024-06-17,Segunda-Feira
2024-06-18,Terça-Feira
2024-06-19,Quarta-Feira
2024-06-20,Quinta-Feira
2024-06-21,Sexta-Feira
2024-06-22,Sábado
2024-06-23,Domingo
2024-06-24,Segunda-Feira
2024-06-25,Terça-Feira
2024-06-26,Quarta-Feira
2024-06-27,Quinta-Feira
2024-06-28,Sexta-Feira
2024-06-29,Sábado
2024-06-30,Domingo
2024-07-01,Segunda-Feira
2024-07-02,Terça-Feira
2024-07-03,Quarta-Feira
2024-07-04,Quinta-Feira
2024-07-05,Sexta-Feira
2024-07-06,Sábado
2024-07-07,Domingo
2024-07-08,Segunda-Feira
2024-07-09,Terça-Feira
2024-07-10,Quarta-Feira
2024-07-11,Quinta-Feira
2024-07-12,Sexta-Feira
2024-07-13,Sábado
2024-07-14,Domingo
2024-07-15,Segunda-Feira
2024-07-16,Terça-Feira
2024-07-17,Quarta-Feira
2024-07-18,Quinta-Feira
2024-07-19,Sexta-Feira
2024-07-20,Sábado
2024-07-21,Domingo
2024-07-22,Segunda-Feira
2024-07-23,Terça-Feira
2024-07-24,Quarta-Feira
2024-07-25,Quinta-Feira
2024-07-26,Sexta-Feira
2024-07-27,Sábado
2024-07-28,Domingo
2024-07-29,Segunda-Feira
2024-07-30,Terça-Feira
2024-07-31,Quarta-Feira
2024-08-01,Quinta-Feira
2024-08-02,Sexta-Feira
2024-08-03,Sábado
2024-08-04,Domingo
2024-08-05,Segunda-Feira
2024-08-06,Terça-Feira
2024-08-07,Quarta-Feira
2024-08-08,Quinta-Feira
2024-08-09,Sexta-Feira
2024-08-10,Sábado
2024-08-11,Domingo
2024-08-12,Segunda-Feira
2024-08-13,Terça-Feira
2024-08-14,Quarta-Feira
2024-08-15,Quinta-Feira
2024-08-16,Sexta-Feira
2024-08-17,Sábado
2024-08-18,Domingo
2024-08-19,Segunda-Feira
2024-08-20,Terça-Feira
2024-08-21,Quarta-Feira
2024-08-22,Quinta-Feira
2024-08-23,Sexta-Feira
2024-08-24,Sábado
2024-08-25,Domingo
2024-08-26,Segunda-Feira
2024-08-27,Terça-Feira
2024-08-28,Quarta-Feira
2024-08-29,Quinta-Feira
2024-08-30,Sexta-Feira
2024-08-31,Sábado
2024-09-01,Domingo
2024-09-02,Segunda-Feira
2024-09-03,Terça-Feira
2024-09-04,Quarta-Feira
2024-09-05,Quinta-Feira
2024-09-06,Sexta-Feira
2024-09-07,Sábado
2024-09-08,Domingo
2024-09-09,Segunda-Feira
2024-09-10,Terça-Feira
2024-09-11,Quarta-Feira
2024-09-12,Quinta-Feira
2024-09-13,Sexta-Feira
2024-09-14,Sábado
2024-09-15,Domingo
2024-09-16,Segunda-Feira
2024-09-17,Terça-Feira
2024-09-18,Quarta-Feira
2024-09-19,Quinta-Feira
2024-09-20,Sexta-Feira
2024-09-21,Sábado
2024-09-22,Domingo
2024-09-23,Segunda-Feira
2024-09-24,Terça-Feira
2024-09-25,Quarta-Feira
2024-09-26,Quinta-Feira
2024-09-27,Sexta-Feira
2024-09-28,Sábado
2024-09-29,Domingo
2024-09-30,Segunda-Feira
2024-10-01,Terça-Feira
2024-10-02,Quarta-Feira
2024-10-03,Quinta-Feira
2024-10-04,Sexta-Feira
2024-10-05,Sábado
2024-10-06,Domingo
2024-10-07,Segunda-Feira
2024-10-08,Terça-Feira
2024-10-09,Quarta-Feira
2024-10-10,Quinta-Feira
2024-10-11,Sexta-Feira
2024-10-12,Sábado
2024-10-13,Domingo
2024-10-14,Segunda-Feira
2024-10-15,Terça-Feira
2024-10-16,Quarta-Feira
2024-10-17,Quinta-Feira
2024-10-18,Sexta-Feira
2024-10-19,Sábado
2024-10-20,Domingo
2024-10-21,Segunda-Feira
2024-10-22,Terça-Feira
2024-10-23,Quarta-Feira
2024-10-24,Quinta-Feira
2024-10-25,Sexta-Feira
2024-10-26,Sábado
2024-10-27,Domingo
2024-10-28,Segunda-Feira
2024-10-29,Terça-Feira
2024-10-30,Quarta-Feira
2024-10-31,Quinta-Feira
2024-11-01,Sexta-Feira
2024-11-02,Sábado
2024-11-03,Domingo
2024-11-04,Segunda-Feira
2024-11-05,Terça-Feira
2024-11-06,Quarta-Feira
2024-11-07,Quinta-Feira
2024-11-08,Sexta-Feira
2024-11-09,Sábado
2024-11-10,Domingo
2024-11-11,Segunda-Feira
2024-11-12,Terça-Feira
2024-11-13,Quarta-Feira
2024-11-14,Quinta-Feira
2024-11-15,Sexta-Feira
2024-11-16,Sábado
2024-11-17,Domingo
2024-11-18,Segunda-Feira
2024-11-19,Terça-Feira
2024-11-20,Quarta-Feira
2024-11-21,Quinta-Feira
2024-11-22,Sexta-Feira
2024-11-23,Sábado
2024-11-24,Domingo
2024-11-25,Segunda-Feira
2024-11-26,Terça-Feira
2024-11-27,Quarta-Feira
2024-11-28,Quinta-Feira
2024-11-29,Sexta-Feira
2024-11-30,Sábado
2024-12-01,Domingo
2024-12-02,Segunda-Feira
2024-12-03,Terça-Feira
2024-12-04,Quarta-Feira
2024-12-05,Quinta-Feira
2024-12-06,Sexta-Feira
2024-12-07,Sábado
2024-12-08,Domingo
2024-12-09,Segunda-Feira
2024-12-10,Terça-Feira
2024-12-11,Quarta-Feira
2024-12-12,Quinta-Feira
2024-12-13,Sexta-Feira
2024-12-14,Sábado
2024-12-15,Domingo
2024-12-16,Segunda-Feira
2024-12-17,Terça-Feira
2024-12-18,Quarta-Feira
2024-12-19,Quinta-Feira
2024-12-20,Sexta-Feira
2024-12-21,Sábado
2024-12-22,Domingo
2024-12-23,Segunda-Feira
2024-12-24,Terça-Feira
2024-12-25,Quarta-Feira
2024-12-26,Quinta-Feira
2024-12-27,Sexta-Feira
2024-12-28,Sábado
2024-12-29,Domingo
2024-12-30,Segunda-Feira
2024-12-31,Terça-Feira
2025-01-01,Quarta-Feira
2025-01-02,Quinta-Feira
2025-01-03,Sexta-Feira
2025-01-04,Sábado
2025-01-05,Domingo
2025-01-06,Segunda-Feira
2025-01-07,Terça-Feira
2025-01-08,Quarta-Feira
2025-01-09,Quinta-Feira
2025-01-10,Sexta-Feira
2025-01-11,Sábado
2025-01-12,Domingo
2025-01-13,Segunda-Feira
2025-01-14,Terça-Feira
2025-01-15,Quarta-Feira
2025-01-16,Quinta-Feira
2025-01-17,Sexta-Feira
2025-01-18,Sábado
2025-01-19,Domingo
2025-01-20,Segunda-Feira
2025-01-21,Terça-Feira
2025-01-22,Quarta-Feira
2025-01-23,Quinta-Feira
2025-01-24,Sexta-Feira
2025-01-25,Sábado
2025-01-26,Domingo
2025-01-27,Segunda-Feira
2025-01-28,Terça-Feira
2025-01-29,Quarta-Feira
2025-01-30,Quinta-Feira
2025-01-31,Sexta-Feira
2025-02-01,Sábado
2025-02-02,Domingo
2025-02-03,Segunda-Feira
2025-02-04,Terça-Feira
2025-02-05,Quarta-Feira
2025-02-06,Quinta-Feira
2025-02-07,Sexta-Feira
2025-02-08,Sábado
2025-02-09,Domingo
2025-02-10,Segunda-Feira
2025-02-11,Terça-Feira
2025-02-12,Quarta-Feira
2025-02-13,Quinta-Feira
2025-02-14,Sexta-Feira
2025-02-15,Sábado
2025-02-16,Domingo
2025-02-17,Segunda-Feira
2025-02-18,Terça-Feira
2025-02-19,Quarta-Feira
2025-02-20,Quinta-Feira
2025-02-21,Sexta-Feira
2025-02-22,Sábado
2025-02-23,Domingo
2025-02-24,Segunda-Feira
2025-02-25,Terça-Feira
2025-02-26,Quarta-Feira
2025-02-27,Quinta-Feira
2025-02-28,Sexta-Feira
2025-03-01,Sábado
2025-03-02,Domingo
2025-03-03,Segunda-Feira
2025-03-04,Terça-Feira
2025-03-05,Quarta-Feira
2025-03-06,Quinta-Feira
2025-03-07,Sexta-Feira
2025-03-08,Sábado
2025-03-09,Domingo
2025-03-10,Segunda-Feira
2025-03-11,Terça-Feira
2025-03-12,Quarta-Feira
2025-03-13,Quinta-Feira
2025-03-14,Sexta-Feira
2025-03-15,Sábado
2025-03-16,Domingo
2025-03-17,Segunda-Feira
2025-03-18,Terça-Feira
2025-03-19,Quarta-Feira
2025-03-20,Quinta-Feira
2025-03-21,Sexta-Feira
2025-03-22,Sábado
2025-03-23,Domingo
2025-03-24,Segunda-Feira
2025-03-25,Terça-Feira
2025-03-26,Quarta-Feira
2025-03-27,Quinta-Feira
2025-03-28,Sexta-Feira
2025-03-29,Sábado
2025-03-30,Domingo
2025-03-31,Segunda-Feira
2025-04-01,Terça-Feira
2025-04-02,Quarta-Feira
2025-04-03,Quinta-Feira
2025-04-04,Sexta-Feira
2025-04-05,Sábado
2025-04-06,Domingo
2025-04-07,Segunda-Feira
2025-04-08,Terça-Feira
2025-04-09,Quarta-Feira
2025-04-10,Quinta-Feira
2025-04-11,Sexta-Feira
2025-04-12,Sábado
2025-04-13,Domingo
2025-04-14,Segunda-Feira
2025-04-15,Terça-Feira
2025-04-16,Quarta-Feira
2025-04-17,Quinta-Feira
2025-04-18,Sexta-Feira
2025-04-19,Sábado
2025-04-20,Domingo
2025-04-21,Segunda-Feira
2025-04-22,Terça-Feira
2025-04-23,Quarta-Feira
2025-04-24,Quinta-Feira
2025-04-25,Sexta-Feira
2025-04-26,Sábado
2025-04-27,Domingo
2025-04-28,Segunda-Feira
2025-04-29,Terça-Feira
2025-04-30,Quarta-Feira
2025-05-01,Quinta-Feira
2025-05-02,Sexta-Feira
2025-05-03,Sábado
2025-05-04,Domingo
2025-05-05,Segunda-Feira
2025-05-06,Terça-Feira
2025-05-07,Quarta-Feira
2025-05-08,Quinta-Feira
2025-05-09,Sexta-Feira
2025-05-10,Sábado
2025-05-11,Domingo
2025-05-12,Segunda-Feira
2025-05-13,Terça-Feira
2025-05-14,Quarta-Feira
2025-05-15,Quinta-Feira
2025-05-16,Sexta-Feira
2025-05-17,Sábado
2025-05-18,Domingo
2025-05-19,Segunda-Feira
2025-05-20,Terça-Feira
2025-05-21,Quarta-Feira
2025-05-22,Quinta-Feira
2025-05-23,Sexta-Feira
2025-05-24,Sábado
2025-05-25,Domingo
2025-05-26,Segunda-Feira
2025-05-27,Terça-Feira
2025-05-28,Quarta-Feira
2025-05-29,Quinta-Feira
2025-05-30,Sexta-Feira
2025-05-31,Sábado
2025-06-01,Domingo
2025-06-02,Segunda-Feira
2025-06-03,Terça-Feira
2025-06-04,Quarta-Feira
2025-06-05,Quinta-Feira
2025-06-06,Sexta-Feira
2025-06-07,Sábado
2025-06-08,Domingo
2025-06-09,Segunda-Feira
2025-06-10,Terça-Feira
2025-06-11,Quarta-Feira
2025-06-12,Quinta-Feira
2025-06-13,Sexta-Feira
2025-06-14,Sábado
2025-06-15,Domingo
2025-06-16,Segunda-Feira
2025-06-17,Terça-Feira
2025-06-18,Quarta-Feira
2025-06-19,Quinta-Feira
2025-06-20,Sexta-Feira
2025-06-21,Sábado
2025-06-22,Domingo
2025-06-23,Segunda-Feira
2025-06-24,Terça-Feira
2025-06-25,Quarta-Feira
2025-06-26,Quinta-Feira
2025-06-27,Sexta-Feira
2025-06-28,Sábado
2025-06-29,Domingo
2025-06-30,Segunda-Feira
2025-07-01,Terça-Feira
2025-07-02,Quarta-Feira
2025-07-03,Quinta-Feira
2025-07-04,Sexta-Feira
2025-07-05,Sábado
2025-07-06,Domingo
2025-07-07,Segunda-Feira
2025-07-08,Terça-Feira
2025-07-09,Quarta-Feira
2025-07-10,Quinta-Feira
2025-07-11,Sexta-Feira
2025-07-12,Sábado
2025-07-13,Domingo
2025-07-14,Segunda-Feira
2025-07-15,Terça-Feira
2025-07-16,Quarta-Feira
2025-07-17,Quinta-Feira
2025-07-18,Sexta-Feira
2025-07-19,Sábado
2025-07-20,Domingo
2025-07-21,Segunda-Feira
2025-07-22,Terça-Feira
2025-07-23,Quarta-Feira
2025-07-24,Quinta-Feira
2025-07-25,Sexta-Feira
2025-07-26,Sábado
2025-07-27,Domingo
2025-07-28,Segunda-Feira
2025-07-29,Terça-Feira
2025-07-30,Quarta-Feira
2025-07-31,Quinta-Feira
2025-08-01,Sexta-Feira
2025-08-02,Sábado
2025-08-03,Domingo
2025-08-04,Segunda-Feira
2025-08-05,Terça-Feira
2025-08-06,Quarta-Feira
2025-08-07,Quinta-Feira
2025-08-08,Sexta-Feira
2025-08-09,Sábado
2025-08-10,Domingo
2025-08-11,Segunda-Feira
2025-08-12,Terça-Feira
2025-08-13,Quarta-Feira
2025-08-14,Quinta-Feira
2025-08-15,Sexta-Feira
2025-08-16,Sábado
2025-08-17,Domingo
2025-08-18,Segunda-Feira
2025-08-19,Terça-Feira
2025-08-20,Quarta-Feira
2025-08-21,Quinta-Feira
2025-08-22,Sexta-Feira
2025-08-23,Sábado
2025-08-24,Domingo
2025-08-25,Segunda-Feira
2025-08-26,Terça-Feira
2025-08-27,Quarta-Feira
2025-08-28,Quinta-Feira
2025-08-29,Sexta-Feira
2025-08-30,Sábado
2025-08-31,Domingo
2025-09-01,Segunda-Feira
2025-09-02,Terça-Feira
2025-09-03,Quarta-Feira
2025-09-04,Quinta-Feira
2025-09-05,Sexta-Feira
2025-09-06,Sábado
2025-09-07,Domingo
2025-09-08,Segunda-Feira
2025-09-09,Terça-Feira
2025-09-10,Quarta-Feira
2025-09-11,Quinta-Feira
2025-09-12,Sexta-Feira
2025-09-13,Sábado
2025-09-14,Domingo
2025-09-15,Segunda-Feira
2025-09-16,Terça-Feira
2025-09-17,Quarta-Feira
2025-09-18,Quinta-Feira
2025-09-19,Sexta-Feira
2025-09-20,Sábado
2025-09-21,Domingo
2025-09-22,Segunda-Feira
2025-09-23,Terça-Feira
2025-09-24,Quarta-Feira
2025-09-25,Quinta-Feira
2025-09-26,Sexta-Feira
2025-09-27,Sábado
2025-09-28,Domingo
2025-09-29,Segunda-Feira
2025-09-30,Terça-Feira
2025-10-01,Quarta-Feira
2025-10-02,Quinta-Feira
2025-10-03,Sexta-Feira
2025-10-04,Sábado
2025-10-05,Domingo
2025-10-06,Segunda-Feira
2025-10-07,Terça-Feira
2025-10-08,Quarta-Feira
2025-10-09,Quinta-Feira
2025-10-10,Sexta-Feira
2025-10-11,Sábado
2025-10-12,Domingo
2025-10-13,Segunda-Feira
2025-10-14,Terça-Feira
2025-10-15,Quarta-Feira
2025-10-16,Quinta-Feira
2025-10-17,Sexta-Feira
2025-10-18,Sábado
2025-10-19,Domingo
2025-10-20,Segunda-Feira
2025-10-21,Terça-Feira
2025-10-22,Quarta-Feira
2025-10-23,Quinta-Feira
2025-10-24,Sexta-Feira
2025-10-25,Sábado
2025-10-26,Domingo
2025-10-27,Segunda-Feira
2025-10-28,Terça-Feira
2025-10-29,Quarta-Feira
2025-10-30,Quinta-Feira
2025-10-31,Sexta-Feira
2025-11-01,Sábado
2025-11-02,Domingo
2025-11-03,Segunda-Feira
2025-11-04,Terça-Feira
2025-11-05,Quarta-Feira
2025-11-06,Quinta-Feira
2025-11-07,Sexta-Feira
2025-11-08,Sábado
2025-11-09,Domingo
2025-11-10,Segunda-Feira
2025-11-11,Terça-Feira
2025-11-12,Quarta-Feira
2025-11-13,Quinta-Feira
2025-11-14,Sexta-Feira
2025-11-15,Sábado
2025-11-16,Domingo
2025-11-17,Segunda-Feira
2025-11-18,Terça-Feira
2025-11-19,Quarta-Feira
2025-11-20,Quinta-Feira
2025-11-21,Sexta-Feira
2025-11-22,Sábado
2025-11-23,Domingo
2025-11-24,Segunda-Feira
2025-11-25,Terça-Feira
2025-11-26,Quarta-Feira
2025-11-27,Quinta-Feira
2025-11-28,Sexta-Feira
2025-11-29,Sábado
2025-11-30,Domingo
2025-12-01,Segunda-Feira
2025-12-02,Terça-Feira
2025-12-03,Quarta-Feira
2025-12-04,Quinta-Feira
2025-12-05,Sexta-Feira
2025-12-06,Sábado
2025-12-07,Domingo
2025-12-08,Segunda-Feira
2025-12-09,Terça-Feira
2025-12-10,Quarta-Feira
2025-12-11,Quinta-Feira
2025-12-12,Sexta-Feira
2025-12-13,Sábado
2025-12-14,Domingo
2025-12-15,Segunda-Feira
2025-12-16,Terça-Feira
2025-12-17,Quarta-Feira
2025-12-18,Quinta-Feira
2025-12-19,Sexta-Feira
2025-12-20,Sábado
2025-12-21,Domingo
2025-12-22,Segunda-Feira
2025-12-23,Terça-Feira
2025-12-24,Quarta-Feira
2025-12-25,Quinta-Feira
2025-12-26,Sexta-Feira
2025-12-27,Sábado
2025-12-28,Domingo
2025-12-29,Segunda-Feira
2025-12-30,Terça-Feira
2025-12-31,Quarta-Feira
2026-01-01,Quinta-Feira
2026-01-02,Sexta-Feira
2026-01-03,Sábado
2026-01-04,Domingo
2026-01-05,Segunda-Feira
2026-01-06,Terça-Feira
2026-01-07,Quarta-Feira
2026-01-08,Quinta-Feira
2026-01-09,Sexta-Feira
2026-01-10,Sábado
2026-01-11,Domingo
2026-01-12,Segunda-Feira
2026-01-13,Terça-Feira
2026-01-14,Quarta-Feira
2026-01-15,Quinta-Feira
2026-01-16,Sexta-Feira
2026-01-17,Sábado
2026-01-18,Domingo
2026-01-19,Segunda-Feira
2026-01-20,Terça-Feira
2026-01-21,Quarta-Feira
2026-01-22,Quinta-Feira
2026-01-23,Sexta-Feira
2026-01-24,Sábado
2026-01-25,Domingo
2026-01-26,Segunda-Feira
2026-01-27,Terça-Feira
2026-01-28,Quarta-Feira
2026-01-29,Quinta-Feira
2026-01-30,Sexta-Feira
2026-01-31,Sábado
2026-02-01,Domingo
2026-02-02,Segunda-Feira
2026-02-03,Terça-Feira
2026-02-04,Quarta-Feira
2026-02-05,Quinta-Feira
2026-02-06,Sexta-Feira
2026-02-07,Sábado
2026-02-08,Domingo
2026-02-09,Segunda-Feira
2026-02-10,Terça-Feira
2026-02-11,Quarta-Feira
2026-02-12,Quinta-Feira
2026-02-13,Sexta-Feira
2026-02-14,Sábado
2026-02-15,Domingo
2026-02-16,Segunda-Feira
2026-02-17,Terça-Feira
2026-02-18,Quarta-Feira
2026-02-19,Quinta-Feira
2026-02-20,Sexta-Feira
2026-02-21,Sábado
2026-02-22,Domingo
2026-02-23,Segunda-Feira
2026-02-24,Terça-Feira
2026-02-25,Quarta-Feira
2026-02-26,Quinta-Feira
2026-02-27,Sexta-Feira
2026-02-28,Sábado
2026-03-01,Domingo
2026-03-02,Segunda-Feira
2026-03-03,Terça-Feira
2026-03-04,Quarta-Feira
2026-03-05,Quinta-Feira
2026-03-06,Sexta-Feira
2026-03-07,Sábado
2026-03-08,Domingo
2026-03-09,Segunda-Feira
2026-03-10,Terça-Feira
2026-03-11,Quarta-Feira
2026-03-12,Quinta-Feira
2026-03-13,Sexta-Feira
2026-03-14,Sábado
2026-03-15,Domingo
2026-03-16,Segunda-Feira
2026-03-17,Terça-Feira
2026-03-18,Quarta-Feira
2026-03-19,Quinta-Feira
2026-03-20,Sexta-Feira
2026-03-21,Sábado
2026-03-22,Domingo
2026-03-23,Segunda-Feira
2026-03-24,Terça-Feira
2026-03-25,Quarta-Feira
2026-03-26,Quinta-Feira
2026-03-27,Sexta-Feira
2026-03-28,Sábado
2026-03-29,Domingo
2026-03-30,Segunda-Feira
2026-03-31,Terça-Feira
2026-04-01,Quarta-Feira
2026-04-02,Quinta-Feira
2026-04-03,Sexta-Feira
2026-04-04,Sábado
2026-04-05,Domingo
2026-04-06,Segunda-Feira
2026-04-07,Terça-Feira
2026-04-08,Quarta-Feira
2026-04-09,Quinta-Feira
2026-04-10,Sexta-Feira
2026-04-11,Sábado
2026-04-12,Domingo
2026-04-13,Segunda-Feira
2026-04-14,Terça-Feira
2026-04-15,Quarta-Feira
2026-04-16,Quinta-Feira
2026-04-17,Sexta-Feira
2026-04-18,Sábado
2026-04-19,Domingo
2026-04-20,Segunda-Feira
2026-04-21,Terça-Feira
2026-04-22,Quarta-Feira
2026-04-23,Quinta-Feira
2026-04-24,Sexta-Feira
2026-04-25,Sábado
2026-04-26,Domingo
2026-04-27,Segunda-Feira
2026-04-28,Terça-Feira
2026-04-29,Quarta-Feira
2026-04-30,Quinta-Feira
2026-05-01,Sexta-Feira
2026-05-02,Sábado
2026-05-03,Domingo
2026-05-04,Segunda-Feira
2026-05-05,Terça-Feira
2026-05-06,Quarta-Feira
2026-05-07,Quinta-Feira
2026-05-08,Sexta-Feira
2026-05-09,Sábado
2026-05-10,Domingo
2026-05-11,Segunda-Feira
2026-05-12,Terça-Feira
2026-05-13,Quarta-Feira
2026-05-14,Quinta-Feira
2026-05-15,Sexta-Feira
2026-05-16,Sábado
2026-05-17,Domingo
2026-05-18,Segunda-Feira
2026-05-19,Terça-Feira
2026-05-20,Quarta-Feira
2026-05-21,Quinta-Feira
2026-05-22,Sexta-Feira
2026-05-23,Sábado
2026-05-24,Domingo
2026-05-25,Segunda-Feira
2026-05-26,Terça-Feira
2026-05-27,Quarta-Feira
2026-05-28,Quinta-Feira
2026-05-29,Sexta-Feira
2026-05-30,Sábado
2026-05-31,Domingo
2026-06-01,Segunda-Feira
2026-06-02,Terça-Feira
2026-06-03,Quarta-Feira
2026-06-04,Quinta-Feira
2026-06-05,Sexta-Feira
2026-06-06,Sábado
2026-06-07,Domingo
2026-06-08,Segunda-Feira
2026-06-09,Terça-Feira
2026-06-10,Quarta-Feira
2026-06-11,Quinta-Feira
2026-06-12,Sexta-Feira
2026-06-13,Sábado
2026-06-14,Domingo
2026-06-15,Segunda-Feira
2026-06-16,Terça-Feira
2026-06-17,Quarta-Feira
2026-06-18,Quinta-Feira
2026-06-19,Sexta-Feira
2026-06-20,Sábado
2026-06-21,Domingo
2026-06-22,Segunda-Feira
2026-06-23,Terça-Feira
2026-06-24,Quarta-Feira
2026-06-25,Quinta-Feira
2026-06-26,Sexta-Feira
2026-06-27,Sábado
2026-06-28,Domingo
2026-06-29,Segunda-Feira
2026-06-30,Terça-Feira
2026-07-01,Quarta-Feira
2026-07-02,Quinta-Feira
2026-07-03,Sexta-Feira
2026-07-04,Sábado
2026-07-05,Domingo
2026-07-06,Segunda-Feira
2026-07-07,Terça-Feira
2026-07-08,Quarta-Feira
2026-07-09,Quinta-Feira
2026-07-10,Sexta-Feira
2026-07-11,Sábado
2026-07-12,Domingo
2026-07-13,Segunda-Feira
2026-07-14,Terça-Feira
2026-07-15,Quarta-Feira
2026-07-16,Quinta-Feira
2026-07-17,Sexta-Feira
2026-07-18,Sábado
2026-07-19,Domingo
2026-07-20,Segunda-Feira
2026-07-21,Terça-Feira
2026-07-22,Quarta-Feira
2026-07-23,Quinta-Feira
2026-07-24,Sexta-Feira
2026-07-25,Sábado
2026-07-26,Domingo
2026-07-27,Segunda-Feira
2026-07-28,Terça-Feira
2026-07-29,Quarta-Feira
2026-07-30,Quinta-Feira
2026-07-31,Sexta-Feira
2026-08-01,Sábado
2026-08-02,Domingo
2026-08-03,Segunda-Feira
2026-08-04,Terça-Feira
2026-08-05,Quarta-Feira
2026-08-06,Quinta-Feira
2026-08-07,Sexta-Feira
2026-08-08,Sábado
2026-08-09,Domingo
2026-08-10,Segunda-Feira
2026-08-11,Terça-Feira
2026-08-12,Quarta-Feira
2026-08-13,Quinta-Feira
2026-08-14,Sexta-Feira
2026-08-15,Sábado
2026-08-16,Domingo
2026-08-17,Segunda-Feira
2026-08-18,Terça-Feira
2026-08-19,Quarta-Feira
2026-08-20,Quinta-Feira
2026-08-21,Sexta-Feira
2026-08-22,Sábado
2026-08-23,Domingo
2026-08-24,Segunda-Feira
2026-08-25,Terça-Feira
2026-08-26,Quarta-Feira
2026-08-27,Quinta-Feira
2026-08-28,Sexta-Feira
2026-08-29,Sábado
2026-08-30,Domingo
2026-08-31,Segunda-Feira
2026-09-01,Terça-Feira
2026-09-02,Quarta-Feira
2026-09-03,Quinta-Feira
2026-09-04,Sexta-Feira
2026-09-05,Sábado
2026-09-06,Domingo
2026-09-07,Segunda-Feira
2026-09-08,Terça-Feira
2026-09-09,Quarta-Feira
2026-09-10,Quinta-Feira
2026-09-11,Sexta-Feira
2026-09-12,Sábado
2026-09-13,Domingo
2026-09-14,Segunda-Feira
2026-09-15,Terça-Feira
2026-09-16,Quarta-Feira
2026-09-17,Quinta-Feira
2026-09-18,Sexta-Feira
2026-09-19,Sábado
2026-09-20,Domingo
2026-09-21,Segunda-Feira
2026-09-22,Terça-Feira
2026-09-23,Quarta-Feira
2026-09-24,Quinta-Feira
2026-09-25,Sexta-Feira
2026-09-26,Sábado
2026-09-27,Domingo
2026-09-28,Segunda-Feira
2026-09-29,Terça-Feira
2026-09-30,Quarta-Feira
2026-10-01,Quinta-Feira
2026-10-02,Sexta-Feira
2026-10-03,Sábado
2026-10-04,Domingo
2026-10-05,Segunda-Feira
2026-10-06,Terça-Feira
2026-10-07,Quarta-Feira
2026-10-08,Quinta-Feira
2026-10-09,Sexta-Feira
2026-10-10,Sábado
2026-10-11,Domingo
2026-10-12,Segunda-Feira
2026-10-13,Terça-Feira
2026-10-14,Quarta-Feira
2026-10-15,Quinta-Feira
2026-10-16,Sexta-Feira
2026-10-17,Sábado
2026-10-18,Domingo
2026-10-19,Segunda-Feira
2026-10-20,Terça-Feira
2026-10-21,Quarta-Feira
2026-10-22,Quinta-Feira
2026-10-23,Sexta-Feira
2026-10-24,Sábado
2026-10-25,Domingo
2026-10-26,Segunda-Feira
2026-10-27,Terça-Feira
2026-10-28,Quarta-Feira
2026-10-29,Quinta-Feira
2026-10-30,Sexta-Feira
2026-10-31,Sábado
2026-11-01,Domingo
2026-11-02,Segunda-Feira
2026-11-03,Terça-Feira
2026-11-04,Quarta-Feira
2026-11-05,Quinta-Feira
2026-11-06,Sexta-Feira
2026-11-07,Sábado
2026-11-08,Domingo
2026-11-09,Segunda-Feira
2026-11-10,Terça-Feira
2026-11-11,Quarta-Feira
2026-11-12,Quinta-Feira
2026-11-13,Sexta-Feira
2026-11-14,Sábado
2026-11-15,Domingo
2026-11-16,Segunda-Feira
2026-11-17,Terça-Feira
2026-11-18,Quarta-Feira
2026-11-19,Quinta-Feira
2026-11-20,Sexta-Feira
2026-11-21,Sábado
2026-11-22,Domingo
2026-11-23,Segunda-Feira
2026-11-24,Terça-Feira
2026-11-25,Quarta-Feira
2026-11-26,Quinta-Feira
2026-11-27,Sexta-Feira
2026-11-28,Sábado
2026-11-29,Domingo
2026-11-30,Segunda-Feira
2026-12-01,Terça-Feira
2026-12-02,Quarta-Feira
2026-12-03,Quinta-Feira
2026-12-04,Sexta-Feira
2026-12-05,Sábado
2026-12-06,Domingo
2026-12-07,Segunda-Feira
2026-12-08,Terça-Feira
2026-12-09,Quarta-Feira
2026-12-10,Quinta-Feira
2026-12-11,Sexta-Feira
2026-12-12,Sábado
2026-12-13,Domingo
2026-12-14,Segunda-Feira
2026-12-15,Terça-Feira
2026-12-16,Quarta-Feira
2026-12-17,Quinta-Feira
2026-12-18,Sexta-Feira
2026-12-19,Sábado
2026-12-20,Domingo
2026-12-21,Segunda-Feira
2026-12-22,Terça-Feira
2026-12-23,Quarta-Feira
2026-12-24,Quinta-Feira
2026-12-25,Sexta-Feira
2026-12-26,Sábado
2026-12-27,Domingo
2026-12-28,Segunda-Feira
2026-12-29,Terça-Feira
2026-12-30,Quarta-Feira
2026-12-31,Quinta-Feira
